"1","3","53","1","<p class=""MsoNormal""><span style=""font-family: 'Times New Roman',serif;"">Can you make a case for however the number of defects is measured?</span></p>","2","2023-06-10 18:53:53","2023-06-10 18:53:53"
"2","3","53","1","<p class=""MsoNormal"" style=""text-align: justify;""><span style=""font-family: 'Times New Roman',serif;"">Can you make a case for however the amount of production defects is measured?</span></p>","3","2023-06-10 18:55:33","2023-06-10 18:55:33"
"3","3","53","1","<p class=""MsoNormal"" style=""text-align: justify;"">Why are statistics necessary? Why can experimenters not just look at the data and decide for themselves what is important? On the other hand, which of the following is more important:</p>
<p class=""MsoNormal"" style=""text-align: justify;"">(a) the results of a statistical test or (b) the results of the intraocular significance test (i.e., when the effect leaps out and hits you between the eyes)?</p>","4","2023-06-10 18:55:58","2023-06-10 18:55:58"
"4","3","53","1","<p><span style=""font-size: 11.0pt; line-height: 107%; font-family: 'Calibri',sans-serif; mso-ascii-theme-font: minor-latin; mso-fareast-font-family: Calibri; mso-fareast-theme-font: minor-latin; mso-hansi-theme-font: minor-latin; mso-bidi-font-family: 'Times New Roman'; mso-bidi-theme-font: minor-bidi; mso-ansi-language: EN-US; mso-fareast-language: EN-US; mso-bidi-language: AR-SA;"">Can a comparison that does not achieve statistical significance still be important?</span></p>","2","2023-06-10 18:58:12","2023-06-10 18:58:12"
"5","3","53","2","<p class=""MsoNormal"" style=""text-align: justify;"">Test-first development is one component of many agile software development processes such as Extreme Programming and SCRUM that is briefly described as follows: Test-first development: Unit tests are written for each class or component before the class or component body code is written. The tests are run continuously and the program must pass all tests. These tests act as executable specifications for the program units. The following table shows the results of a case study that examined the defect profile of a software system in which part of the system was developed by applying test first methods. The table shows the number of &ldquo;defects&rdquo; found at different phases, comparing the portion of the system with test first developed code to the rest of the system.</p>
<p class=""MsoNormal"" style=""text-align: justify;"">a. What conclusions can you draw about the effectiveness of test first development based on these results? Justify your conclusions and note limitations.</p>
<p class=""MsoNormal"" style=""text-align: justify;"">b. List all assumptions that you used to arrive at your conclusions in (a).</p>
<p class=""MsoNormal"" style=""text-align: justify;"">c. List any additional information/metrics data that you would like to have seen.</p>
<div align=""center"">
<table class=""MsoTableGrid"" style=""width: 470.5pt; border-collapse: collapse; border: none; mso-border-alt: solid windowtext .5pt; mso-yfti-tbllook: 1184; mso-padding-alt: 0in 5.4pt 0in 5.4pt;"" border=""1"" width=""627"" cellspacing=""0"" cellpadding=""0"">
<tbody>
<tr style=""mso-yfti-irow: 0; mso-yfti-firstrow: yes; height: 24.3pt;"">
<td style=""width: 156.8pt; border: solid windowtext 1.0pt; mso-border-alt: solid windowtext .5pt; padding: 0in 5.4pt 0in 5.4pt; height: 24.3pt;"" valign=""top"" width=""209"">
<p class=""MsoNormal"" style=""margin-bottom: .0001pt; text-align: justify; line-height: normal;"">Test Phase</p>
</td>
<td style=""width: 156.85pt; border: solid windowtext 1.0pt; border-left: none; mso-border-left-alt: solid windowtext .5pt; mso-border-alt: solid windowtext .5pt; padding: 0in 5.4pt 0in 5.4pt; height: 24.3pt;"" valign=""top"" width=""209"">
<p class=""MsoNormal"" style=""margin-bottom: .0001pt; text-align: justify; line-height: normal;"">Defects Found in Test-First Developed Code (10,000&nbsp;Lines Total)</p>
</td>
<td style=""width: 156.85pt; border: solid windowtext 1.0pt; border-left: none; mso-border-left-alt: solid windowtext .5pt; mso-border-alt: solid windowtext .5pt; padding: 0in 5.4pt 0in 5.4pt; height: 24.3pt;"" valign=""top"" width=""209"">
<p class=""MsoNormal"" style=""margin-bottom: .0001pt; text-align: justify; line-height: normal;"">Defects Found in Remainder of Code (8000 Lines Total)</p>
</td>
</tr>
<tr style=""mso-yfti-irow: 1; height: 25.05pt;"">
<td style=""width: 156.8pt; border: solid windowtext 1.0pt; border-top: none; mso-border-top-alt: solid windowtext .5pt; mso-border-alt: solid windowtext .5pt; padding: 0in 5.4pt 0in 5.4pt; height: 25.05pt;"" valign=""top"" width=""209"">
<p class=""MsoNormal"" style=""margin-bottom: .0001pt; text-align: justify; line-height: normal;"">Specification and design inspection</p>
</td>
<td style=""width: 156.85pt; border-top: none; border-left: none; border-bottom: solid windowtext 1.0pt; border-right: solid windowtext 1.0pt; mso-border-top-alt: solid windowtext .5pt; mso-border-left-alt: solid windowtext .5pt; mso-border-alt: solid windowtext .5pt; padding: 0in 5.4pt 0in 5.4pt; height: 25.05pt;"" valign=""top"" width=""209"">
<p class=""MsoNormal"" style=""margin-bottom: .0001pt; text-align: justify; line-height: normal;"">10</p>
</td>
<td style=""width: 156.85pt; border-top: none; border-left: none; border-bottom: solid windowtext 1.0pt; border-right: solid windowtext 1.0pt; mso-border-top-alt: solid windowtext .5pt; mso-border-left-alt: solid windowtext .5pt; mso-border-alt: solid windowtext .5pt; padding: 0in 5.4pt 0in 5.4pt; height: 25.05pt;"" valign=""top"" width=""209"">
<p class=""MsoNormal"" style=""margin-bottom: .0001pt; text-align: justify; line-height: normal;"">16</p>
</td>
</tr>
<tr style=""mso-yfti-irow: 2; height: 24.3pt;"">
<td style=""width: 156.8pt; border: solid windowtext 1.0pt; border-top: none; mso-border-top-alt: solid windowtext .5pt; mso-border-alt: solid windowtext .5pt; padding: 0in 5.4pt 0in 5.4pt; height: 24.3pt;"" valign=""top"" width=""209"">
<p class=""MsoNormal"" style=""margin-bottom: .0001pt; text-align: justify; line-height: normal;"">Unit test <span style=""mso-spacerun: yes;"">&nbsp;</span><span style=""mso-spacerun: yes;"">&nbsp;</span></p>
</td>
<td style=""width: 156.85pt; border-top: none; border-left: none; border-bottom: solid windowtext 1.0pt; border-right: solid windowtext 1.0pt; mso-border-top-alt: solid windowtext .5pt; mso-border-left-alt: solid windowtext .5pt; mso-border-alt: solid windowtext .5pt; padding: 0in 5.4pt 0in 5.4pt; height: 24.3pt;"" valign=""top"" width=""209"">
<p class=""MsoNormal"" style=""margin-bottom: .0001pt; text-align: justify; line-height: normal;"">89</p>
</td>
<td style=""width: 156.85pt; border-top: none; border-left: none; border-bottom: solid windowtext 1.0pt; border-right: solid windowtext 1.0pt; mso-border-top-alt: solid windowtext .5pt; mso-border-left-alt: solid windowtext .5pt; mso-border-alt: solid windowtext .5pt; padding: 0in 5.4pt 0in 5.4pt; height: 24.3pt;"" valign=""top"" width=""209"">
<p class=""MsoNormal"" style=""margin-bottom: .0001pt; text-align: justify; line-height: normal;"">32</p>
</td>
</tr>
<tr style=""mso-yfti-irow: 3; height: 25.05pt;"">
<td style=""width: 156.8pt; border: solid windowtext 1.0pt; border-top: none; mso-border-top-alt: solid windowtext .5pt; mso-border-alt: solid windowtext .5pt; padding: 0in 5.4pt 0in 5.4pt; height: 25.05pt;"" valign=""top"" width=""209"">
<p class=""MsoNormal"" style=""margin-bottom: .0001pt; text-align: justify; line-height: normal;"">System and integration test</p>
</td>
<td style=""width: 156.85pt; border-top: none; border-left: none; border-bottom: solid windowtext 1.0pt; border-right: solid windowtext 1.0pt; mso-border-top-alt: solid windowtext .5pt; mso-border-left-alt: solid windowtext .5pt; mso-border-alt: solid windowtext .5pt; padding: 0in 5.4pt 0in 5.4pt; height: 25.05pt;"" valign=""top"" width=""209"">
<p class=""MsoNormal"" style=""margin-bottom: .0001pt; text-align: justify; line-height: normal;"">15 <span style=""mso-spacerun: yes;"">&nbsp;</span><span style=""mso-spacerun: yes;"">&nbsp;</span><span style=""mso-spacerun: yes;"">&nbsp;</span><span style=""mso-spacerun: yes;"">&nbsp;</span></p>
</td>
<td style=""width: 156.85pt; border-top: none; border-left: none; border-bottom: solid windowtext 1.0pt; border-right: solid windowtext 1.0pt; mso-border-top-alt: solid windowtext .5pt; mso-border-left-alt: solid windowtext .5pt; mso-border-alt: solid windowtext .5pt; padding: 0in 5.4pt 0in 5.4pt; height: 25.05pt;"" valign=""top"" width=""209"">
<p class=""MsoNormal"" style=""margin-bottom: .0001pt; text-align: justify; line-height: normal;"">80</p>
</td>
</tr>
<tr style=""mso-yfti-irow: 4; height: 24.3pt;"">
<td style=""width: 156.8pt; border: solid windowtext 1.0pt; border-top: none; mso-border-top-alt: solid windowtext .5pt; mso-border-alt: solid windowtext .5pt; padding: 0in 5.4pt 0in 5.4pt; height: 24.3pt;"" valign=""top"" width=""209"">
<p class=""MsoNormal"" style=""margin-bottom: .0001pt; text-align: justify; line-height: normal;"">months of operational use</p>
</td>
<td style=""width: 156.85pt; border-top: none; border-left: none; border-bottom: solid windowtext 1.0pt; border-right: solid windowtext 1.0pt; mso-border-top-alt: solid windowtext .5pt; mso-border-left-alt: solid windowtext .5pt; mso-border-alt: solid windowtext .5pt; padding: 0in 5.4pt 0in 5.4pt; height: 24.3pt;"" valign=""top"" width=""209"">
<p class=""MsoNormal"" style=""margin-bottom: .0001pt; text-align: justify; line-height: normal;"">16</p>
</td>
<td style=""width: 156.85pt; border-top: none; border-left: none; border-bottom: solid windowtext 1.0pt; border-right: solid windowtext 1.0pt; mso-border-top-alt: solid windowtext .5pt; mso-border-left-alt: solid windowtext .5pt; mso-border-alt: solid windowtext .5pt; padding: 0in 5.4pt 0in 5.4pt; height: 24.3pt;"" valign=""top"" width=""209"">
<p class=""MsoNormal"" style=""margin-bottom: .0001pt; text-align: justify; line-height: normal;"">16</p>
</td>
</tr>
<tr style=""mso-yfti-irow: 5; mso-yfti-lastrow: yes; height: 25.05pt;"">
<td style=""width: 156.8pt; border: solid windowtext 1.0pt; border-top: none; mso-border-top-alt: solid windowtext .5pt; mso-border-alt: solid windowtext .5pt; padding: 0in 5.4pt 0in 5.4pt; height: 25.05pt;"" valign=""top"" width=""209"">
<p class=""MsoNormal"" style=""margin-bottom: .0001pt; text-align: justify; line-height: normal;"">Overall</p>
</td>
<td style=""width: 156.85pt; border-top: none; border-left: none; border-bottom: solid windowtext 1.0pt; border-right: solid windowtext 1.0pt; mso-border-top-alt: solid windowtext .5pt; mso-border-left-alt: solid windowtext .5pt; mso-border-alt: solid windowtext .5pt; padding: 0in 5.4pt 0in 5.4pt; height: 25.05pt;"" valign=""top"" width=""209"">
<p class=""MsoNormal"" style=""margin-bottom: .0001pt; text-align: justify; line-height: normal;"">130</p>
</td>
<td style=""width: 156.85pt; border-top: none; border-left: none; border-bottom: solid windowtext 1.0pt; border-right: solid windowtext 1.0pt; mso-border-top-alt: solid windowtext .5pt; mso-border-left-alt: solid windowtext .5pt; mso-border-alt: solid windowtext .5pt; padding: 0in 5.4pt 0in 5.4pt; height: 25.05pt;"" valign=""top"" width=""209"">
<p class=""MsoNormal"" style=""margin-bottom: .0001pt; text-align: justify; line-height: normal;"">144</p>
</td>
</tr>
</tbody>
</table>
</div>","10","2023-06-10 19:04:12","2023-06-10 19:04:12"
"6","3","53","1","<p class=""MsoNormal"" style=""text-align: justify;"">Your department manager asks you to shorten the required system testing time of software products without a loss in quality of the delivered product. Use the GQM approach to derive relevant questions and identify measures to determine whether you have met your goal. Clearly indicate which measures help to answer each question.</p>","4","2023-06-10 19:05:42","2023-06-10 19:05:42"
"7","3","53","2","<p class=""MsoNormal"" style=""text-align: justify;"">Our confidence in a prediction system depends in part on how well we feel we understand the attributes involved. After how many successful predictions would you consider the following validated?</p>
<p class=""MsoNormal"" style=""text-align: justify;"">a. A mathematical model to predict the return time of Halley&rsquo;s comet to the nearest hour.</p>
<p class=""MsoNormal"" style=""text-align: justify;"">b. A timetable for a new air service between London and Paris.</p>
<p class=""MsoNormal"" style=""text-align: justify;"">c. A system that predicts the outcome of the spinning of a roulette wheel.</p>
<p class=""MsoNormal"" style=""text-align: justify;"">d. A chart showing how long a bricklayer will take to erect a wall of a given area.</p>","10","2023-06-10 19:07:03","2023-06-10 19:07:03"
"8","3","53","1","<p class=""MsoNormal"" style=""text-align: justify;"">What meaningful operations can we perform on measures? For instance, is it sensible to compute average productivity for a group of developers, or the average quality of a set of modules?</p>","3","2023-06-10 19:10:02","2023-06-10 19:10:02"
"9","3","53","1","<p class=""MsoNormal"" style=""text-align: justify;"">Using measurement, what meaningful statements can we make about an attribute and the entities that possess it? For instance, is it meaningful to talk about doubling a design&rsquo;s quality? If not, how do we compare two different designs?</p>","3","2023-06-10 19:10:26","2023-06-10 19:10:26"
"10","3","53","1","<p class=""MsoNormal"" style=""text-align: justify;"">How do we know if we have really measured the attribute we wanted to measure? For instance, does a count of the number of &ldquo;bugs&rdquo; found in a system during integration testing measure the quality of the system? If not, what does the count tell us?</p>","3","2023-06-10 19:10:53","2023-06-10 19:10:53"
"11","3","53","1","<p class=""MsoNormal"" style=""text-align: justify;"">How much we must know about an attribute before it is reasonable to consider measuring it? For instance, do we know enough about &ldquo;complexity&rdquo; of programs to be able to measure it?</p>","3","2023-06-10 19:11:16","2023-06-10 19:11:16"
"12","3","53","1","<p class=""MsoNormal"" style=""text-align: justify;"">How much we must know about an attribute before it is reasonable to consider measuring it? For instance, do we know enough about &ldquo;complexity&rdquo; of programs to be able to measure it?</p>","3","2023-06-10 19:11:51","2023-06-10 19:11:51"
"13","3","53","1","<p class=""MsoNormal"" style=""text-align: justify;"">Explain why you would not conclude that the quality of program X was twice as great as program Y if integration testing revealed program X to have twice as many faults per KLOC than program Y.</p>","4","2023-06-10 19:13:03","2023-06-10 19:13:03"
"14","3","53","1","<p class=""MsoNormal"" style=""text-align: justify;"">Explain why it is wrong to assert that lines of code is a bad software measure.</p>","2","2023-06-10 19:14:37","2023-06-10 19:14:37"
"15","3","53","2","<p class=""MsoNormal"" style=""text-align: justify;"">Suppose that &ldquo;complexity&rdquo; of individual software modules is ranked (according to some specific criteria) as one of the following: {trivial, simple, moderate, complex, very complex, incomprehensible} Let M be any measure (in the representation sense) for this notion of complexity, and let S be a set of modules for each of which M has been computed.</p>
<p class=""MsoNormal"" style=""text-align: justify;"">a. You want to indicate the average complexity of the modules in S. How would you do this in a meaningful way? (Briefly explain your choice.)</p>
<p class=""MsoNormal"" style=""text-align: justify;"">b. Explain why it is not meaningful to compute the mean of the Ms. (You should construct a statement involving means that you can prove is not meaningful.)</p>
<p class=""MsoNormal"" style=""text-align: justify;"">c. Give two examples of criteria that might be used to enable an assessor objectively to determine which of the complexity values a given module should be.</p>","10","2023-06-10 19:16:10","2023-06-10 19:16:10"
"16","3","53","1","<p class=""MsoNormal"" style=""text-align: justify;"">A commonly used derived measure of programmer productivity P is P = L/E, where L is the number of lines of code produced and E is effort in person-months. Show that every rescaling of P is of the form P&prime; = P (for &gt;0)</p>","3","2023-06-10 19:20:07","2023-06-10 19:20:07"
"17","3","53","1","<p class=""MsoNormal"" style=""margin-left: .25in; text-align: justify;"">Consider the attribute, &ldquo;number of bugs found,&rdquo; for software testing processes. Define an absolute scale measure for this attribute. Why is &ldquo;number of bugs found&rdquo; not an absolute scale measure of the attribute of program correctness?</p>","2","2023-06-10 19:21:44","2023-06-10 19:21:44"
"18","3","53","2","<p class=""MsoNormal"" style=""text-align: justify;"">The table below contains three measures for each of 17 software modules. LOC is the number of LOC in the module, CFP is the number of control flow paths in the module, and Faults are the number of faults found in the module. Construct a box plot for each of the three measures, and identify any outliers. What conclusions can you draw? What recommendations can you make to address the problems you have discovered?</p>
<div align=""center"">
<table class=""MsoTableGrid"" style=""border-collapse: collapse; border: none; mso-border-alt: solid windowtext .5pt; mso-yfti-tbllook: 1184; mso-padding-alt: 0in 5.4pt 0in 5.4pt;"" border=""1"" cellspacing=""0"" cellpadding=""0"">
<tbody>
<tr style=""mso-yfti-irow: 0; mso-yfti-firstrow: yes; height: 16.55pt;"">
<td style=""width: 114.15pt; border: solid windowtext 1.0pt; mso-border-alt: solid windowtext .5pt; padding: 0in 5.4pt 0in 5.4pt; height: 16.55pt;"" valign=""top"" width=""152"">
<p class=""MsoNormal"" style=""margin-bottom: .0001pt; text-align: justify; line-height: normal;""><span style=""mso-bidi-font-family: Calibri; mso-bidi-theme-font: minor-latin;"">Module</span></p>
</td>
<td style=""width: 114.15pt; border: solid windowtext 1.0pt; border-left: none; mso-border-left-alt: solid windowtext .5pt; mso-border-alt: solid windowtext .5pt; padding: 0in 5.4pt 0in 5.4pt; height: 16.55pt;"" valign=""top"" width=""152"">
<p class=""MsoNormal"" style=""margin-bottom: .0001pt; text-align: justify; line-height: normal;""><span style=""mso-bidi-font-family: Calibri; mso-bidi-theme-font: minor-latin;"">LOC</span></p>
</td>
<td style=""width: 114.2pt; border: solid windowtext 1.0pt; border-left: none; mso-border-left-alt: solid windowtext .5pt; mso-border-alt: solid windowtext .5pt; padding: 0in 5.4pt 0in 5.4pt; height: 16.55pt;"" valign=""top"" width=""152"">
<p class=""MsoNormal"" style=""margin-bottom: .0001pt; text-align: justify; line-height: normal;""><span style=""mso-bidi-font-family: Calibri; mso-bidi-theme-font: minor-latin;"">CFP</span></p>
</td>
<td style=""width: 114.2pt; border: solid windowtext 1.0pt; border-left: none; mso-border-left-alt: solid windowtext .5pt; mso-border-alt: solid windowtext .5pt; padding: 0in 5.4pt 0in 5.4pt; height: 16.55pt;"" valign=""top"" width=""152"">
<p class=""MsoNormal"" style=""margin-bottom: .0001pt; text-align: justify; line-height: normal;""><span style=""mso-bidi-font-family: Calibri; mso-bidi-theme-font: minor-latin;"">Faults</span></p>
</td>
</tr>
<tr style=""mso-yfti-irow: 1; height: 16.0pt;"">
<td style=""width: 114.15pt; border: solid windowtext 1.0pt; border-top: none; mso-border-top-alt: solid windowtext .5pt; mso-border-alt: solid windowtext .5pt; padding: 0in 5.4pt 0in 5.4pt; height: 16.0pt;"" valign=""top"" width=""152"">
<p class=""MsoNormal"" style=""margin-bottom: .0001pt; text-align: justify; line-height: normal;""><span style=""mso-bidi-font-family: Calibri; mso-bidi-theme-font: minor-latin;"">A</span></p>
</td>
<td style=""width: 114.15pt; border-top: none; border-left: none; border-bottom: solid windowtext 1.0pt; border-right: solid windowtext 1.0pt; mso-border-top-alt: solid windowtext .5pt; mso-border-left-alt: solid windowtext .5pt; mso-border-alt: solid windowtext .5pt; padding: 0in 5.4pt 0in 5.4pt; height: 16.0pt;"" valign=""top"" width=""152"">
<p class=""MsoNormal"" style=""margin-bottom: .0001pt; text-align: justify; line-height: normal;""><span style=""mso-bidi-font-family: Calibri; mso-bidi-theme-font: minor-latin;"">15</span></p>
</td>
<td style=""width: 114.2pt; border-top: none; border-left: none; border-bottom: solid windowtext 1.0pt; border-right: solid windowtext 1.0pt; mso-border-top-alt: solid windowtext .5pt; mso-border-left-alt: solid windowtext .5pt; mso-border-alt: solid windowtext .5pt; padding: 0in 5.4pt 0in 5.4pt; height: 16.0pt;"" valign=""top"" width=""152"">
<p class=""MsoNormal"" style=""margin-bottom: .0001pt; text-align: justify; line-height: normal;""><span style=""mso-bidi-font-family: Calibri; mso-bidi-theme-font: minor-latin;"">4</span></p>
</td>
<td style=""width: 114.2pt; border-top: none; border-left: none; border-bottom: solid windowtext 1.0pt; border-right: solid windowtext 1.0pt; mso-border-top-alt: solid windowtext .5pt; mso-border-left-alt: solid windowtext .5pt; mso-border-alt: solid windowtext .5pt; padding: 0in 5.4pt 0in 5.4pt; height: 16.0pt;"" valign=""top"" width=""152"">
<p class=""MsoNormal"" style=""margin-bottom: .0001pt; text-align: justify; line-height: normal;""><span style=""mso-bidi-font-family: Calibri; mso-bidi-theme-font: minor-latin;"">0</span></p>
</td>
</tr>
<tr style=""mso-yfti-irow: 2; height: 16.55pt;"">
<td style=""width: 114.15pt; border: solid windowtext 1.0pt; border-top: none; mso-border-top-alt: solid windowtext .5pt; mso-border-alt: solid windowtext .5pt; padding: 0in 5.4pt 0in 5.4pt; height: 16.55pt;"" valign=""top"" width=""152"">
<p class=""MsoNormal"" style=""margin-bottom: .0001pt; text-align: justify; line-height: normal;""><span style=""mso-bidi-font-family: Calibri; mso-bidi-theme-font: minor-latin;"">B</span></p>
</td>
<td style=""width: 114.15pt; border-top: none; border-left: none; border-bottom: solid windowtext 1.0pt; border-right: solid windowtext 1.0pt; mso-border-top-alt: solid windowtext .5pt; mso-border-left-alt: solid windowtext .5pt; mso-border-alt: solid windowtext .5pt; padding: 0in 5.4pt 0in 5.4pt; height: 16.55pt;"" valign=""top"" width=""152"">
<p class=""MsoNormal"" style=""margin-bottom: .0001pt; text-align: justify; line-height: normal;""><span style=""mso-bidi-font-family: Calibri; mso-bidi-theme-font: minor-latin;"">28</span></p>
</td>
<td style=""width: 114.2pt; border-top: none; border-left: none; border-bottom: solid windowtext 1.0pt; border-right: solid windowtext 1.0pt; mso-border-top-alt: solid windowtext .5pt; mso-border-left-alt: solid windowtext .5pt; mso-border-alt: solid windowtext .5pt; padding: 0in 5.4pt 0in 5.4pt; height: 16.55pt;"" valign=""top"" width=""152"">
<p class=""MsoNormal"" style=""margin-bottom: .0001pt; text-align: justify; line-height: normal;""><span style=""mso-bidi-font-family: Calibri; mso-bidi-theme-font: minor-latin;"">6</span></p>
</td>
<td style=""width: 114.2pt; border-top: none; border-left: none; border-bottom: solid windowtext 1.0pt; border-right: solid windowtext 1.0pt; mso-border-top-alt: solid windowtext .5pt; mso-border-left-alt: solid windowtext .5pt; mso-border-alt: solid windowtext .5pt; padding: 0in 5.4pt 0in 5.4pt; height: 16.55pt;"" valign=""top"" width=""152"">
<p class=""MsoNormal"" style=""margin-bottom: .0001pt; text-align: justify; line-height: normal;""><span style=""mso-bidi-font-family: Calibri; mso-bidi-theme-font: minor-latin;"">15</span></p>
</td>
</tr>
<tr style=""mso-yfti-irow: 3; height: 16.55pt;"">
<td style=""width: 114.15pt; border: solid windowtext 1.0pt; border-top: none; mso-border-top-alt: solid windowtext .5pt; mso-border-alt: solid windowtext .5pt; padding: 0in 5.4pt 0in 5.4pt; height: 16.55pt;"" valign=""top"" width=""152"">
<p class=""MsoNormal"" style=""margin-bottom: .0001pt; text-align: justify; line-height: normal;""><span style=""mso-bidi-font-family: Calibri; mso-bidi-theme-font: minor-latin;"">C</span></p>
</td>
<td style=""width: 114.15pt; border-top: none; border-left: none; border-bottom: solid windowtext 1.0pt; border-right: solid windowtext 1.0pt; mso-border-top-alt: solid windowtext .5pt; mso-border-left-alt: solid windowtext .5pt; mso-border-alt: solid windowtext .5pt; padding: 0in 5.4pt 0in 5.4pt; height: 16.55pt;"" valign=""top"" width=""152"">
<p class=""MsoNormal"" style=""margin-bottom: .0001pt; text-align: justify; line-height: normal;""><span style=""mso-bidi-font-family: Calibri; mso-bidi-theme-font: minor-latin;"">14</span></p>
</td>
<td style=""width: 114.2pt; border-top: none; border-left: none; border-bottom: solid windowtext 1.0pt; border-right: solid windowtext 1.0pt; mso-border-top-alt: solid windowtext .5pt; mso-border-left-alt: solid windowtext .5pt; mso-border-alt: solid windowtext .5pt; padding: 0in 5.4pt 0in 5.4pt; height: 16.55pt;"" valign=""top"" width=""152"">
<p class=""MsoNormal"" style=""margin-bottom: .0001pt; text-align: justify; line-height: normal;""><span style=""mso-bidi-font-family: Calibri; mso-bidi-theme-font: minor-latin;"">2</span></p>
</td>
<td style=""width: 114.2pt; border-top: none; border-left: none; border-bottom: solid windowtext 1.0pt; border-right: solid windowtext 1.0pt; mso-border-top-alt: solid windowtext .5pt; mso-border-left-alt: solid windowtext .5pt; mso-border-alt: solid windowtext .5pt; padding: 0in 5.4pt 0in 5.4pt; height: 16.55pt;"" valign=""top"" width=""152"">
<p class=""MsoNormal"" style=""margin-bottom: .0001pt; text-align: justify; line-height: normal;""><span style=""mso-bidi-font-family: Calibri; mso-bidi-theme-font: minor-latin;"">10</span></p>
</td>
</tr>
<tr style=""mso-yfti-irow: 4; height: 16.0pt;"">
<td style=""width: 114.15pt; border: solid windowtext 1.0pt; border-top: none; mso-border-top-alt: solid windowtext .5pt; mso-border-alt: solid windowtext .5pt; padding: 0in 5.4pt 0in 5.4pt; height: 16.0pt;"" valign=""top"" width=""152"">
<p class=""MsoNormal"" style=""margin-bottom: .0001pt; text-align: justify; line-height: normal;""><span style=""mso-bidi-font-family: Calibri; mso-bidi-theme-font: minor-latin;"">D</span></p>
</td>
<td style=""width: 114.15pt; border-top: none; border-left: none; border-bottom: solid windowtext 1.0pt; border-right: solid windowtext 1.0pt; mso-border-top-alt: solid windowtext .5pt; mso-border-left-alt: solid windowtext .5pt; mso-border-alt: solid windowtext .5pt; padding: 0in 5.4pt 0in 5.4pt; height: 16.0pt;"" valign=""top"" width=""152"">
<p class=""MsoNormal"" style=""margin-bottom: .0001pt; text-align: justify; line-height: normal;""><span style=""mso-bidi-font-family: Calibri; mso-bidi-theme-font: minor-latin;"">60</span></p>
</td>
<td style=""width: 114.2pt; border-top: none; border-left: none; border-bottom: solid windowtext 1.0pt; border-right: solid windowtext 1.0pt; mso-border-top-alt: solid windowtext .5pt; mso-border-left-alt: solid windowtext .5pt; mso-border-alt: solid windowtext .5pt; padding: 0in 5.4pt 0in 5.4pt; height: 16.0pt;"" valign=""top"" width=""152"">
<p class=""MsoNormal"" style=""margin-bottom: .0001pt; text-align: justify; line-height: normal;""><span style=""mso-bidi-font-family: Calibri; mso-bidi-theme-font: minor-latin;"">26</span></p>
</td>
<td style=""width: 114.2pt; border-top: none; border-left: none; border-bottom: solid windowtext 1.0pt; border-right: solid windowtext 1.0pt; mso-border-top-alt: solid windowtext .5pt; mso-border-left-alt: solid windowtext .5pt; mso-border-alt: solid windowtext .5pt; padding: 0in 5.4pt 0in 5.4pt; height: 16.0pt;"" valign=""top"" width=""152"">
<p class=""MsoNormal"" style=""margin-bottom: .0001pt; text-align: justify; line-height: normal;""><span style=""mso-bidi-font-family: Calibri; mso-bidi-theme-font: minor-latin;"">1</span></p>
</td>
</tr>
<tr style=""mso-yfti-irow: 5; height: 16.55pt;"">
<td style=""width: 114.15pt; border: solid windowtext 1.0pt; border-top: none; mso-border-top-alt: solid windowtext .5pt; mso-border-alt: solid windowtext .5pt; padding: 0in 5.4pt 0in 5.4pt; height: 16.55pt;"" valign=""top"" width=""152"">
<p class=""MsoNormal"" style=""margin-bottom: .0001pt; text-align: justify; line-height: normal;""><span style=""mso-bidi-font-family: Calibri; mso-bidi-theme-font: minor-latin;"">E</span></p>
</td>
<td style=""width: 114.15pt; border-top: none; border-left: none; border-bottom: solid windowtext 1.0pt; border-right: solid windowtext 1.0pt; mso-border-top-alt: solid windowtext .5pt; mso-border-left-alt: solid windowtext .5pt; mso-border-alt: solid windowtext .5pt; padding: 0in 5.4pt 0in 5.4pt; height: 16.55pt;"" valign=""top"" width=""152"">
<p class=""MsoNormal"" style=""margin-bottom: .0001pt; text-align: justify; line-height: normal;""><span style=""mso-bidi-font-family: Calibri; mso-bidi-theme-font: minor-latin;"">60</span></p>
</td>
<td style=""width: 114.2pt; border-top: none; border-left: none; border-bottom: solid windowtext 1.0pt; border-right: solid windowtext 1.0pt; mso-border-top-alt: solid windowtext .5pt; mso-border-left-alt: solid windowtext .5pt; mso-border-alt: solid windowtext .5pt; padding: 0in 5.4pt 0in 5.4pt; height: 16.55pt;"" valign=""top"" width=""152"">
<p class=""MsoNormal"" style=""margin-bottom: .0001pt; text-align: justify; line-height: normal;""><span style=""mso-bidi-font-family: Calibri; mso-bidi-theme-font: minor-latin;"">14</span></p>
</td>
<td style=""width: 114.2pt; border-top: none; border-left: none; border-bottom: solid windowtext 1.0pt; border-right: solid windowtext 1.0pt; mso-border-top-alt: solid windowtext .5pt; mso-border-left-alt: solid windowtext .5pt; mso-border-alt: solid windowtext .5pt; padding: 0in 5.4pt 0in 5.4pt; height: 16.55pt;"" valign=""top"" width=""152"">
<p class=""MsoNormal"" style=""margin-bottom: .0001pt; text-align: justify; line-height: normal;""><span style=""mso-bidi-font-family: Calibri; mso-bidi-theme-font: minor-latin;"">0</span></p>
</td>
</tr>
<tr style=""mso-yfti-irow: 6; height: 16.55pt;"">
<td style=""width: 114.15pt; border: solid windowtext 1.0pt; border-top: none; mso-border-top-alt: solid windowtext .5pt; mso-border-alt: solid windowtext .5pt; padding: 0in 5.4pt 0in 5.4pt; height: 16.55pt;"" valign=""top"" width=""152"">
<p class=""MsoNormal"" style=""margin-bottom: .0001pt; text-align: justify; line-height: normal;""><span style=""mso-bidi-font-family: Calibri; mso-bidi-theme-font: minor-latin;"">F</span></p>
</td>
<td style=""width: 114.15pt; border-top: none; border-left: none; border-bottom: solid windowtext 1.0pt; border-right: solid windowtext 1.0pt; mso-border-top-alt: solid windowtext .5pt; mso-border-left-alt: solid windowtext .5pt; mso-border-alt: solid windowtext .5pt; padding: 0in 5.4pt 0in 5.4pt; height: 16.55pt;"" valign=""top"" width=""152"">
<p class=""MsoNormal"" style=""margin-bottom: .0001pt; text-align: justify; line-height: normal;""><span style=""mso-bidi-font-family: Calibri; mso-bidi-theme-font: minor-latin;"">95</span></p>
</td>
<td style=""width: 114.2pt; border-top: none; border-left: none; border-bottom: solid windowtext 1.0pt; border-right: solid windowtext 1.0pt; mso-border-top-alt: solid windowtext .5pt; mso-border-left-alt: solid windowtext .5pt; mso-border-alt: solid windowtext .5pt; padding: 0in 5.4pt 0in 5.4pt; height: 16.55pt;"" valign=""top"" width=""152"">
<p class=""MsoNormal"" style=""margin-bottom: .0001pt; text-align: justify; line-height: normal;""><span style=""mso-bidi-font-family: Calibri; mso-bidi-theme-font: minor-latin;"">18</span></p>
</td>
<td style=""width: 114.2pt; border-top: none; border-left: none; border-bottom: solid windowtext 1.0pt; border-right: solid windowtext 1.0pt; mso-border-top-alt: solid windowtext .5pt; mso-border-left-alt: solid windowtext .5pt; mso-border-alt: solid windowtext .5pt; padding: 0in 5.4pt 0in 5.4pt; height: 16.55pt;"" valign=""top"" width=""152"">
<p class=""MsoNormal"" style=""margin-bottom: .0001pt; text-align: justify; line-height: normal;""><span style=""mso-bidi-font-family: Calibri; mso-bidi-theme-font: minor-latin;"">15</span></p>
</td>
</tr>
<tr style=""mso-yfti-irow: 7; height: 16.0pt;"">
<td style=""width: 114.15pt; border: solid windowtext 1.0pt; border-top: none; mso-border-top-alt: solid windowtext .5pt; mso-border-alt: solid windowtext .5pt; padding: 0in 5.4pt 0in 5.4pt; height: 16.0pt;"" valign=""top"" width=""152"">
<p class=""MsoNormal"" style=""margin-bottom: .0001pt; text-align: justify; line-height: normal;""><span style=""mso-bidi-font-family: Calibri; mso-bidi-theme-font: minor-latin;"">G</span></p>
</td>
<td style=""width: 114.15pt; border-top: none; border-left: none; border-bottom: solid windowtext 1.0pt; border-right: solid windowtext 1.0pt; mso-border-top-alt: solid windowtext .5pt; mso-border-left-alt: solid windowtext .5pt; mso-border-alt: solid windowtext .5pt; padding: 0in 5.4pt 0in 5.4pt; height: 16.0pt;"" valign=""top"" width=""152"">
<p class=""MsoNormal"" style=""margin-bottom: .0001pt; text-align: justify; line-height: normal;""><span style=""mso-bidi-font-family: Calibri; mso-bidi-theme-font: minor-latin;"">110</span></p>
</td>
<td style=""width: 114.2pt; border-top: none; border-left: none; border-bottom: solid windowtext 1.0pt; border-right: solid windowtext 1.0pt; mso-border-top-alt: solid windowtext .5pt; mso-border-left-alt: solid windowtext .5pt; mso-border-alt: solid windowtext .5pt; padding: 0in 5.4pt 0in 5.4pt; height: 16.0pt;"" valign=""top"" width=""152"">
<p class=""MsoNormal"" style=""margin-bottom: .0001pt; text-align: justify; line-height: normal;""><span style=""mso-bidi-font-family: Calibri; mso-bidi-theme-font: minor-latin;"">12</span></p>
</td>
<td style=""width: 114.2pt; border-top: none; border-left: none; border-bottom: solid windowtext 1.0pt; border-right: solid windowtext 1.0pt; mso-border-top-alt: solid windowtext .5pt; mso-border-left-alt: solid windowtext .5pt; mso-border-alt: solid windowtext .5pt; padding: 0in 5.4pt 0in 5.4pt; height: 16.0pt;"" valign=""top"" width=""152"">
<p class=""MsoNormal"" style=""margin-bottom: .0001pt; text-align: justify; line-height: normal;""><span style=""mso-bidi-font-family: Calibri; mso-bidi-theme-font: minor-latin;"">9</span></p>
</td>
</tr>
<tr style=""mso-yfti-irow: 8; height: 16.55pt;"">
<td style=""width: 114.15pt; border: solid windowtext 1.0pt; border-top: none; mso-border-top-alt: solid windowtext .5pt; mso-border-alt: solid windowtext .5pt; padding: 0in 5.4pt 0in 5.4pt; height: 16.55pt;"" valign=""top"" width=""152"">
<p class=""MsoNormal"" style=""margin-bottom: .0001pt; text-align: justify; line-height: normal;""><span style=""mso-bidi-font-family: Calibri; mso-bidi-theme-font: minor-latin;"">H</span></p>
</td>
<td style=""width: 114.15pt; border-top: none; border-left: none; border-bottom: solid windowtext 1.0pt; border-right: solid windowtext 1.0pt; mso-border-top-alt: solid windowtext .5pt; mso-border-left-alt: solid windowtext .5pt; mso-border-alt: solid windowtext .5pt; padding: 0in 5.4pt 0in 5.4pt; height: 16.55pt;"" valign=""top"" width=""152"">
<p class=""MsoNormal"" style=""margin-bottom: .0001pt; text-align: justify; line-height: normal;""><span style=""mso-bidi-font-family: Calibri; mso-bidi-theme-font: minor-latin;"">140</span></p>
</td>
<td style=""width: 114.2pt; border-top: none; border-left: none; border-bottom: solid windowtext 1.0pt; border-right: solid windowtext 1.0pt; mso-border-top-alt: solid windowtext .5pt; mso-border-left-alt: solid windowtext .5pt; mso-border-alt: solid windowtext .5pt; padding: 0in 5.4pt 0in 5.4pt; height: 16.55pt;"" valign=""top"" width=""152"">
<p class=""MsoNormal"" style=""margin-bottom: .0001pt; text-align: justify; line-height: normal;""><span style=""mso-bidi-font-family: Calibri; mso-bidi-theme-font: minor-latin;"">12</span></p>
</td>
<td style=""width: 114.2pt; border-top: none; border-left: none; border-bottom: solid windowtext 1.0pt; border-right: solid windowtext 1.0pt; mso-border-top-alt: solid windowtext .5pt; mso-border-left-alt: solid windowtext .5pt; mso-border-alt: solid windowtext .5pt; padding: 0in 5.4pt 0in 5.4pt; height: 16.55pt;"" valign=""top"" width=""152"">
<p class=""MsoNormal"" style=""margin-bottom: .0001pt; text-align: justify; line-height: normal;""><span style=""mso-bidi-font-family: Calibri; mso-bidi-theme-font: minor-latin;"">6</span></p>
</td>
</tr>
<tr style=""mso-yfti-irow: 9; height: 16.55pt;"">
<td style=""width: 114.15pt; border: solid windowtext 1.0pt; border-top: none; mso-border-top-alt: solid windowtext .5pt; mso-border-alt: solid windowtext .5pt; padding: 0in 5.4pt 0in 5.4pt; height: 16.55pt;"" valign=""top"" width=""152"">
<p class=""MsoNormal"" style=""margin-bottom: .0001pt; text-align: justify; line-height: normal;""><span style=""mso-bidi-font-family: Calibri; mso-bidi-theme-font: minor-latin;"">I</span></p>
</td>
<td style=""width: 114.15pt; border-top: none; border-left: none; border-bottom: solid windowtext 1.0pt; border-right: solid windowtext 1.0pt; mso-border-top-alt: solid windowtext .5pt; mso-border-left-alt: solid windowtext .5pt; mso-border-alt: solid windowtext .5pt; padding: 0in 5.4pt 0in 5.4pt; height: 16.55pt;"" valign=""top"" width=""152"">
<p class=""MsoNormal"" style=""margin-bottom: .0001pt; text-align: justify; line-height: normal;""><span style=""mso-bidi-font-family: Calibri; mso-bidi-theme-font: minor-latin;"">170</span></p>
</td>
<td style=""width: 114.2pt; border-top: none; border-left: none; border-bottom: solid windowtext 1.0pt; border-right: solid windowtext 1.0pt; mso-border-top-alt: solid windowtext .5pt; mso-border-left-alt: solid windowtext .5pt; mso-border-alt: solid windowtext .5pt; padding: 0in 5.4pt 0in 5.4pt; height: 16.55pt;"" valign=""top"" width=""152"">
<p class=""MsoNormal"" style=""margin-bottom: .0001pt; text-align: justify; line-height: normal;""><span style=""mso-bidi-font-family: Calibri; mso-bidi-theme-font: minor-latin;"">54</span></p>
</td>
<td style=""width: 114.2pt; border-top: none; border-left: none; border-bottom: solid windowtext 1.0pt; border-right: solid windowtext 1.0pt; mso-border-top-alt: solid windowtext .5pt; mso-border-left-alt: solid windowtext .5pt; mso-border-alt: solid windowtext .5pt; padding: 0in 5.4pt 0in 5.4pt; height: 16.55pt;"" valign=""top"" width=""152"">
<p class=""MsoNormal"" style=""margin-bottom: .0001pt; text-align: justify; line-height: normal;""><span style=""mso-bidi-font-family: Calibri; mso-bidi-theme-font: minor-latin;"">6</span></p>
</td>
</tr>
<tr style=""mso-yfti-irow: 10; height: 16.0pt;"">
<td style=""width: 114.15pt; border: solid windowtext 1.0pt; border-top: none; mso-border-top-alt: solid windowtext .5pt; mso-border-alt: solid windowtext .5pt; padding: 0in 5.4pt 0in 5.4pt; height: 16.0pt;"" valign=""top"" width=""152"">
<p class=""MsoNormal"" style=""margin-bottom: .0001pt; text-align: justify; line-height: normal;""><span style=""mso-bidi-font-family: Calibri; mso-bidi-theme-font: minor-latin;"">J</span></p>
</td>
<td style=""width: 114.15pt; border-top: none; border-left: none; border-bottom: solid windowtext 1.0pt; border-right: solid windowtext 1.0pt; mso-border-top-alt: solid windowtext .5pt; mso-border-left-alt: solid windowtext .5pt; mso-border-alt: solid windowtext .5pt; padding: 0in 5.4pt 0in 5.4pt; height: 16.0pt;"" valign=""top"" width=""152"">
<p class=""MsoNormal"" style=""margin-bottom: .0001pt; text-align: justify; line-height: normal;""><span style=""mso-bidi-font-family: Calibri; mso-bidi-theme-font: minor-latin;"">180</span></p>
</td>
<td style=""width: 114.2pt; border-top: none; border-left: none; border-bottom: solid windowtext 1.0pt; border-right: solid windowtext 1.0pt; mso-border-top-alt: solid windowtext .5pt; mso-border-left-alt: solid windowtext .5pt; mso-border-alt: solid windowtext .5pt; padding: 0in 5.4pt 0in 5.4pt; height: 16.0pt;"" valign=""top"" width=""152"">
<p class=""MsoNormal"" style=""margin-bottom: .0001pt; text-align: justify; line-height: normal;""><span style=""mso-bidi-font-family: Calibri; mso-bidi-theme-font: minor-latin;"">36</span></p>
</td>
<td style=""width: 114.2pt; border-top: none; border-left: none; border-bottom: solid windowtext 1.0pt; border-right: solid windowtext 1.0pt; mso-border-top-alt: solid windowtext .5pt; mso-border-left-alt: solid windowtext .5pt; mso-border-alt: solid windowtext .5pt; padding: 0in 5.4pt 0in 5.4pt; height: 16.0pt;"" valign=""top"" width=""152"">
<p class=""MsoNormal"" style=""margin-bottom: .0001pt; text-align: justify; line-height: normal;""><span style=""mso-bidi-font-family: Calibri; mso-bidi-theme-font: minor-latin;"">20</span></p>
</td>
</tr>
<tr style=""mso-yfti-irow: 11; height: 16.55pt;"">
<td style=""width: 114.15pt; border: solid windowtext 1.0pt; border-top: none; mso-border-top-alt: solid windowtext .5pt; mso-border-alt: solid windowtext .5pt; padding: 0in 5.4pt 0in 5.4pt; height: 16.55pt;"" valign=""top"" width=""152"">
<p class=""MsoNormal"" style=""margin-bottom: .0001pt; text-align: justify; line-height: normal;""><span style=""mso-bidi-font-family: Calibri; mso-bidi-theme-font: minor-latin;"">K</span></p>
</td>
<td style=""width: 114.15pt; border-top: none; border-left: none; border-bottom: solid windowtext 1.0pt; border-right: solid windowtext 1.0pt; mso-border-top-alt: solid windowtext .5pt; mso-border-left-alt: solid windowtext .5pt; mso-border-alt: solid windowtext .5pt; padding: 0in 5.4pt 0in 5.4pt; height: 16.55pt;"" valign=""top"" width=""152"">
<p class=""MsoNormal"" style=""margin-bottom: .0001pt; text-align: justify; line-height: normal;""><span style=""mso-bidi-font-family: Calibri; mso-bidi-theme-font: minor-latin;"">185</span></p>
</td>
<td style=""width: 114.2pt; border-top: none; border-left: none; border-bottom: solid windowtext 1.0pt; border-right: solid windowtext 1.0pt; mso-border-top-alt: solid windowtext .5pt; mso-border-left-alt: solid windowtext .5pt; mso-border-alt: solid windowtext .5pt; padding: 0in 5.4pt 0in 5.4pt; height: 16.55pt;"" valign=""top"" width=""152"">
<p class=""MsoNormal"" style=""margin-bottom: .0001pt; text-align: justify; line-height: normal;""><span style=""mso-bidi-font-family: Calibri; mso-bidi-theme-font: minor-latin;"">28</span></p>
</td>
<td style=""width: 114.2pt; border-top: none; border-left: none; border-bottom: solid windowtext 1.0pt; border-right: solid windowtext 1.0pt; mso-border-top-alt: solid windowtext .5pt; mso-border-left-alt: solid windowtext .5pt; mso-border-alt: solid windowtext .5pt; padding: 0in 5.4pt 0in 5.4pt; height: 16.55pt;"" valign=""top"" width=""152"">
<p class=""MsoNormal"" style=""margin-bottom: .0001pt; text-align: justify; line-height: normal;""><span style=""mso-bidi-font-family: Calibri; mso-bidi-theme-font: minor-latin;"">14</span></p>
</td>
</tr>
<tr style=""mso-yfti-irow: 12; height: 16.55pt;"">
<td style=""width: 114.15pt; border: solid windowtext 1.0pt; border-top: none; mso-border-top-alt: solid windowtext .5pt; mso-border-alt: solid windowtext .5pt; padding: 0in 5.4pt 0in 5.4pt; height: 16.55pt;"" valign=""top"" width=""152"">
<p class=""MsoNormal"" style=""margin-bottom: .0001pt; text-align: justify; line-height: normal;""><span style=""mso-bidi-font-family: Calibri; mso-bidi-theme-font: minor-latin;"">L</span></p>
</td>
<td style=""width: 114.15pt; border-top: none; border-left: none; border-bottom: solid windowtext 1.0pt; border-right: solid windowtext 1.0pt; mso-border-top-alt: solid windowtext .5pt; mso-border-left-alt: solid windowtext .5pt; mso-border-alt: solid windowtext .5pt; padding: 0in 5.4pt 0in 5.4pt; height: 16.55pt;"" valign=""top"" width=""152"">
<p class=""MsoNormal"" style=""margin-bottom: .0001pt; text-align: justify; line-height: normal;""><span style=""mso-bidi-font-family: Calibri; mso-bidi-theme-font: minor-latin;"">190</span></p>
</td>
<td style=""width: 114.2pt; border-top: none; border-left: none; border-bottom: solid windowtext 1.0pt; border-right: solid windowtext 1.0pt; mso-border-top-alt: solid windowtext .5pt; mso-border-left-alt: solid windowtext .5pt; mso-border-alt: solid windowtext .5pt; padding: 0in 5.4pt 0in 5.4pt; height: 16.55pt;"" valign=""top"" width=""152"">
<p class=""MsoNormal"" style=""margin-bottom: .0001pt; text-align: justify; line-height: normal;""><span style=""mso-bidi-font-family: Calibri; mso-bidi-theme-font: minor-latin;"">32</span></p>
</td>
<td style=""width: 114.2pt; border-top: none; border-left: none; border-bottom: solid windowtext 1.0pt; border-right: solid windowtext 1.0pt; mso-border-top-alt: solid windowtext .5pt; mso-border-left-alt: solid windowtext .5pt; mso-border-alt: solid windowtext .5pt; padding: 0in 5.4pt 0in 5.4pt; height: 16.55pt;"" valign=""top"" width=""152"">
<p class=""MsoNormal"" style=""margin-bottom: .0001pt; text-align: justify; line-height: normal;""><span style=""mso-bidi-font-family: Calibri; mso-bidi-theme-font: minor-latin;"">20</span></p>
</td>
</tr>
<tr style=""mso-yfti-irow: 13; mso-yfti-lastrow: yes; height: 16.55pt;"">
<td style=""width: 114.15pt; border: solid windowtext 1.0pt; border-top: none; mso-border-top-alt: solid windowtext .5pt; mso-border-alt: solid windowtext .5pt; padding: 0in 5.4pt 0in 5.4pt; height: 16.55pt;"" valign=""top"" width=""152"">
<p class=""MsoNormal"" style=""margin-bottom: .0001pt; text-align: justify; line-height: normal;""><span style=""mso-bidi-font-family: Calibri; mso-bidi-theme-font: minor-latin;"">M</span></p>
</td>
<td style=""width: 114.15pt; border-top: none; border-left: none; border-bottom: solid windowtext 1.0pt; border-right: solid windowtext 1.0pt; mso-border-top-alt: solid windowtext .5pt; mso-border-left-alt: solid windowtext .5pt; mso-border-alt: solid windowtext .5pt; padding: 0in 5.4pt 0in 5.4pt; height: 16.55pt;"" valign=""top"" width=""152"">
<p class=""MsoNormal"" style=""margin-bottom: .0001pt; text-align: justify; line-height: normal;""><span style=""mso-bidi-font-family: Calibri; mso-bidi-theme-font: minor-latin;"">210</span></p>
</td>
<td style=""width: 114.2pt; border-top: none; border-left: none; border-bottom: solid windowtext 1.0pt; border-right: solid windowtext 1.0pt; mso-border-top-alt: solid windowtext .5pt; mso-border-left-alt: solid windowtext .5pt; mso-border-alt: solid windowtext .5pt; padding: 0in 5.4pt 0in 5.4pt; height: 16.55pt;"" valign=""top"" width=""152"">
<p class=""MsoNormal"" style=""margin-bottom: .0001pt; text-align: justify; line-height: normal;""><span style=""mso-bidi-font-family: Calibri; mso-bidi-theme-font: minor-latin;"">54</span></p>
</td>
<td style=""width: 114.2pt; border-top: none; border-left: none; border-bottom: solid windowtext 1.0pt; border-right: solid windowtext 1.0pt; mso-border-top-alt: solid windowtext .5pt; mso-border-left-alt: solid windowtext .5pt; mso-border-alt: solid windowtext .5pt; padding: 0in 5.4pt 0in 5.4pt; height: 16.55pt;"" valign=""top"" width=""152"">
<p class=""MsoNormal"" style=""margin-bottom: .0001pt; text-align: justify; line-height: normal;""><span style=""mso-bidi-font-family: Calibri; mso-bidi-theme-font: minor-latin;"">15</span></p>
</td>
</tr>
</tbody>
</table>
</div>","10","2023-06-10 19:32:11","2023-06-10 19:32:11"
"19","3","53","1","<p class=""MsoNormal"" style=""text-align: justify;"">A tool that computes the values of a set of code complexity metrics C1, C2, &hellip;, Cn is applied to a large number of systems and subsystems for which the number of defects D found in operations is known. Using Excel, a positive correlation is observed and a regression model of the form</p>
<p class=""MsoNormal"" style=""text-align: center;"" align=""center"">D = f(C1, C2, &hellip;, Cn)</p>
<p class=""MsoNormal"" style=""text-align: justify;"">is computed. The following quality assurance procedure is subsequently recommended:</p>
<p class=""MsoNormal"" style=""text-align: justify;"">Before any major system release the tool should be applied to extract the metrics C1, C2, &hellip;, Cn for each subsystem and the function f is then computed. Any subsystem for which f is above 25 must undergo additional testing. What concerns do you have about this quality assurance procedure?</p>","6","2023-06-10 19:37:42","2023-06-10 19:37:42"
"20","3","53","2","<p class=""MsoNormal"" style=""text-align: justify;"">It is known that a particular type of software test is certain to identify virus X if it has been inserted into a computer system. However, there is also a 5% probability of a false alarm (i.e., there is a 5% probability that the test will be positive when virus X has not been inserted). You run the test and the outcome is positive.</p>
<p class=""MsoNormal"" style=""text-align: justify;"">a. What can you conclude about whether or not the system really is infected with the virus X?</p>
<p class=""MsoNormal"" style=""text-align: justify;"">b. How would your answer to (i) change if, additionally, it was known that virus X had been inserted into approximately one in every thousand computer systems?</p>
<p class=""MsoNormal"" style=""text-align: justify;"">c. Suppose the only known effective fix for virus X costs $250,000 when the full costs of system shutdown and repair are considered. From a risk assessment perspective what action would you recommend (you should state any assumptions about additional information needed)?</p>","10","2023-06-10 19:39:10","2023-06-10 19:39:10"
"21","3","65","1","<p class=""MsoNormal"" style=""text-align: justify;""><span style=""font-family: 'Times New Roman',serif;"">List the problems you experienced when you carried out a recent lCl-related assignment. Try to put these problems into some order of magnitude. For each problem consider wlrether there was some way in which the problem could have been reduced by better organization and planning by yolrrself.</span></p>","4","2023-06-12 14:06:45","2023-06-12 14:06:45"
"22","3","65","1","<p class=""MsoNormal"" style=""text-align: justify;"">ldentify the main types of personnel employed in an information systems department. For each stage of a typical lS development project, list the types of personrrel who are likely to be involved?</p>","3","2023-06-12 14:08:07","2023-06-12 14:08:07"
"23","3","65","1","<p class=""MsoNormal"" style=""text-align: justify;"">A public library is considering the implementation of a computer-based system to help administer book loans at libraries. ldentify the stakeholders in such a project.</p>","3","2023-06-12 14:10:02","2023-06-12 14:10:02"
"24","3","65","1","<p class=""MsoNormal"" style=""text-align: justify;""><span style=""font-family: 'Times New Roman',serif;"">A manager is in charge of a sub-project of a larger project. The sub-project requires the transfer of paper documents into a computer-based document retrieval system and their subsequent indexing so that they can be accessed via key-words. Optical character readers are to be used for the initial transfer but the text then needs to be clerically checked and corrected by staff. The project is currently scheduled to take 12 months using permanent staff. A small budget is available to hire temporary staff in the case of staff absences through holidays, sickness or temporary transfer to other, more urgent, jobs. Discuss the control system that will need to be in place to control that sub-project.</span></p>","4","2023-06-12 14:13:20","2023-06-12 14:13:20"
"25","3","65","2","<p class=""MsoNormal"" style=""text-align: justify;"">A software house has developed a customized order processing system for a client. You are an employee of the software house that has been asked to organize a training course for the end-users of the system. At present, a user handbook has been produced, but no specific training material. A plan is now needed for the project which will set up the delivery of the training courses. The project can be assumed to have been completed when the first training course starts. Among the things that will need to be considered are the following:</p>
<p class=""MsoNormal"" style=""text-align: justify;""> training materials will need to be designed and created;</p>
<p class=""MsoNormal"" style=""text-align: justify;""> a timetable will need to be drafted and agreed;</p>
<p class=""MsoNormal"" style=""text-align: justify;""> date(s) for the course will need to be arranged;</p>
<p class=""MsoNormal"" style=""text-align: justify;""> the people attending the course will need to be identified and notified;</p>
<p class=""MsoNormal"" style=""text-align: justify;""> rooms and computer facilities for the course will need to be provided</p>
<p class=""MsoNormal"" style=""text-align: justify;"">A Identify the main stakeholders for this project.</p>
<p class=""MsoNormal"" style=""text-align: justify;"">B Draw up objectives for this project.</p>
<p class=""MsoNormal"" style=""text-align: justify;"">C For the objectives, identify the measures of effectiveness.</p>
<p class=""MsoNormal"" style=""text-align: justify;"">D For each objective, write down sub-objectives or goals and the stakeholders who will be responsible for their achievement.</p>","10","2023-06-12 14:15:11","2023-06-12 14:15:11"
"26","3","65","1","<p class=""MsoNormal"" style=""text-align: justify;"">The idea behind a project is that students should be able to access details of available placements via an intranet. When there is a placement opportunity for which they wish to be considered, they would be able to apply for it electronically. This would cause a copy of their CV, which would also be held online, to be sent to the potential employer. Details of interviews and placement offers would all be sent by e-mail. While some human intervention would be needed, the process would be automated as far as possible. You are required to produce a business case report for such an application, which justifies the potential development by showing that the value of its potential benefits outweighs its development and operational costs.</p>","6","2023-06-12 14:16:06","2023-06-12 14:16:06"
"27","3","65","1","<p class=""MsoNormal"" style=""margin-bottom: .0001pt; text-align: justify; line-height: normal; mso-layout-grid-align: none; text-autospace: none;""><span style=""font-size: 10.0pt; font-family: Times-Roman; mso-bidi-font-family: Times-Roman;"">Distinguish between software product development and outsourced projects. Explain the key ways in which managing an outsourcing project differs from a product development project.</span></p>","3","2023-06-13 11:23:52","2023-06-13 11:23:52"
"28","3","65","1","<p class=""MsoNormal"" style=""margin-bottom: .0001pt; text-align: justify; line-height: normal; mso-layout-grid-align: none; text-autospace: none;""><span style=""font-size: 10.0pt; font-family: Times-Roman; mso-bidi-font-family: Times-Roman;"">Identify the important characteristics of software development projects which make these harder to manage compared to other types of projects. Say for example, a building construction project.</span></p>","3","2023-06-13 11:24:12","2023-06-13 11:24:12"
"29","3","65","1","<p class=""MsoNormal"" style=""margin-bottom: .0001pt; text-align: justify; line-height: normal; mso-layout-grid-align: none; text-autospace: none;""><span style=""font-size: 10.0pt; font-family: Times-Roman; mso-bidi-font-family: Times-Roman;"">What is the difference between a method and a methodology? What are the essential items that must be planned before carrying out a method or methodology?</span></p>","4","2023-06-13 11:24:33","2023-06-13 11:24:33"
"30","3","65","1","<p class=""MsoNormal"" style=""margin-bottom: .0001pt; text-align: justify; line-height: normal; mso-layout-grid-align: none; text-autospace: none;""><span style=""font-size: 10.0pt; font-family: Times-Roman; mso-bidi-font-family: Times-Roman;"">Identify the main differences between managing the development of a conventional project and an outsourced project.</span></p>","2","2023-06-13 11:24:54","2023-06-13 11:24:54"
"31","3","65","1","<p class=""MsoNormal"" style=""margin-bottom: .0001pt; text-align: justify; line-height: normal; mso-layout-grid-align: none; text-autospace: none;""><span style=""font-size: 10.0pt; font-family: Times-Roman; mso-bidi-font-family: Times-Roman;"">Identify the key aspects in which modern software project management practices differ from those of traditional software project management.</span></p>","2","2023-06-13 11:25:13","2023-06-13 11:25:13"
"32","3","65","1","<p class=""MsoNormal"" style=""margin-bottom: .0001pt; text-align: justify; line-height: normal; mso-layout-grid-align: none; text-autospace: none;""><span style=""font-size: 10.0pt; font-family: Times-Roman; mso-bidi-font-family: Times-Roman;"">Explain the major activities carried out by a software project manager and the order in which these are carried out.</span></p>","2","2023-06-13 11:25:38","2023-06-13 11:25:38"
"33","3","65","1","<p><span style=""font-size: 10.0pt; line-height: 107%; font-family: Times-Roman; mso-fareast-font-family: Calibri; mso-fareast-theme-font: minor-latin; mso-bidi-font-family: Times-Roman; mso-ansi-language: EN-US; mso-fareast-language: EN-US; mso-bidi-language: AR-SA;"">Identify the major risks that could affect the success of the Brightmouth College payroll project and try to rank them in order of importance</span></p>","2","2023-06-13 11:26:19","2023-06-13 11:26:19"
"34","3","65","1","<p class=""MsoNormal"" style=""margin-bottom: .0001pt; text-align: justify; line-height: normal; mso-layout-grid-align: none; text-autospace: none;""><span style=""font-size: 10.0pt; font-family: Times-Roman; mso-bidi-font-family: Times-Roman;"">Explain why discounted cash flow techniques provide better criteria for project selection than net profit or return on investment.</span></p>","2","2023-06-13 11:26:42","2023-06-13 11:26:42"
"35","3","65","2","<p class=""MsoNormal"" style=""margin-bottom: .0001pt; text-align: justify; line-height: normal; mso-layout-grid-align: none; text-autospace: none;""><span style=""font-size: 10.0pt; font-family: Times-Roman; mso-bidi-font-family: Times-Roman;"">An insurance company has examined the way that it settles house insurance claims. It decides to introduce a new computer-based claims settlement system which will reduce the time taken to settle claims. This reduction in effort is partly achieved by enabling the claims clerk to obtain the information needed directly, rather than having to go through other departments. Also, as part of the new process, new repair work will be allocated by the insurance company to authorized builders, decorators, plumbers etc., rather than the claimant having to make arrangements to get estimates, and so on.</span></p>
<p class=""MsoNormal"" style=""margin-bottom: .0001pt; text-align: justify; line-height: normal; mso-layout-grid-align: none; text-autospace: none;""><span style=""font-size: 10.0pt; font-family: Times-Roman; mso-bidi-font-family: Times-Roman;"">(a) Explain the possible benefits and disbenefit <span style=""mso-spacerun: yes;"">&nbsp;</span>that might be generated by this application. Note that the benefits could come under the following headings:</span></p>
<p class=""MsoNormal"" style=""margin-bottom: .0001pt; text-align: justify; line-height: normal; mso-layout-grid-align: none; text-autospace: none;""><span style=""font-size: 10.0pt; font-family: Times-Roman; mso-bidi-font-family: Times-Roman;"">Mandatory compliance</span></p>
<p class=""MsoNormal"" style=""margin-bottom: .0001pt; text-align: justify; line-height: normal; mso-layout-grid-align: none; text-autospace: none;""><span style=""font-size: 10.0pt; font-family: Times-Roman; mso-bidi-font-family: Times-Roman;"">Quality of service</span></p>
<p class=""MsoNormal"" style=""margin-bottom: .0001pt; text-align: justify; line-height: normal; mso-layout-grid-align: none; text-autospace: none;""><span style=""font-size: 10.0pt; font-family: Times-Roman; mso-bidi-font-family: Times-Roman;"">Productivity</span></p>
<p class=""MsoNormal"" style=""margin-bottom: .0001pt; text-align: justify; line-height: normal; mso-layout-grid-align: none; text-autospace: none;""><span style=""font-size: 10.0pt; font-family: Times-Roman; mso-bidi-font-family: Times-Roman;"">More motivated work force</span></p>
<p class=""MsoNormal"" style=""margin-bottom: .0001pt; text-align: justify; line-height: normal; mso-layout-grid-align: none; text-autospace: none;""><span style=""font-size: 10.0pt; font-family: Times-Roman; mso-bidi-font-family: Times-Roman;"">Internal management benefits</span></p>
<p class=""MsoNormal"" style=""margin-bottom: .0001pt; text-align: justify; line-height: normal; mso-layout-grid-align: none; text-autospace: none;""><span style=""font-size: 10.0pt; font-family: Times-Roman; mso-bidi-font-family: Times-Roman;"">Risk reduction</span></p>
<p class=""MsoNormal"" style=""margin-bottom: .0001pt; text-align: justify; line-height: normal; mso-layout-grid-align: none; text-autospace: none;""><span style=""font-size: 10.0pt; font-family: Times-Roman; mso-bidi-font-family: Times-Roman;"">Economy</span></p>
<p class=""MsoNormal"" style=""margin-bottom: .0001pt; text-align: justify; line-height: normal; mso-layout-grid-align: none; text-autospace: none;""><span style=""font-size: 10.0pt; font-family: Times-Roman; mso-bidi-font-family: Times-Roman;"">Revenue enhancement/acceleration</span></p>
<p class=""MsoNormal"" style=""margin-bottom: .0001pt; text-align: justify; line-height: normal; mso-layout-grid-align: none; text-autospace: none;""><span style=""font-size: 10.0pt; font-family: Times-Roman; mso-bidi-font-family: Times-Roman;"">Strategic fit</span></p>
<p class=""MsoNormal"" style=""text-align: justify;""><span style=""font-size: 10.0pt; line-height: 107%; font-family: Times-Roman; mso-bidi-font-family: Times-Roman;"">How could the actual benefit be assessed in each case?</span></p>
<p class=""MsoNormal"" style=""margin-bottom: .0001pt; text-align: justify; line-height: normal; mso-layout-grid-align: none; text-autospace: none;""><span style=""font-size: 10.0pt; font-family: Times-Roman; mso-bidi-font-family: Times-Roman;"">(b) When the application is implemented, some of the claims staff at the insurance company complain about the additional stress of dealing with irate customers grumbling about tradespeople being slow to do repair work or about poor quality workmanship. Also, in some places there are shortages of qualified repair people leading to delays in getting work done.</span></p>
<p class=""MsoNormal"" style=""margin-bottom: .0001pt; text-align: justify; line-height: normal; mso-layout-grid-align: none; text-autospace: none;""><span style=""font-size: 10.0pt; font-family: Times-Roman; mso-bidi-font-family: Times-Roman;"">Which projected benefi ts are being affected by these developments?</span></p>
<p class=""MsoNormal"" style=""margin-bottom: .0001pt; text-align: justify; line-height: normal; mso-layout-grid-align: none; text-autospace: none;""><span style=""font-size: 10.0pt; font-family: Times-Roman; mso-bidi-font-family: Times-Roman;"">How would you deal with these problems?</span></p>
<p class=""MsoNormal"" style=""margin-bottom: .0001pt; text-align: justify; line-height: normal; mso-layout-grid-align: none; text-autospace: none;""><span style=""font-size: 10.0pt; font-family: Times-Roman; mso-bidi-font-family: Times-Roman;"">How would you assess your success in dealing with these problems?</span></p>","10","2023-06-13 11:27:14","2023-06-13 11:30:23"
"36","3","65","1","<p><span style=""font-size: 10.0pt; line-height: 107%; font-family: Times-Roman; mso-fareast-font-family: Calibri; mso-fareast-theme-font: minor-latin; mso-bidi-font-family: Times-Roman; mso-ansi-language: EN-US; mso-fareast-language: EN-US; mso-bidi-language: AR-SA;"">Suppose Brightmouth College has the option of either buying payroll software off-the-shelf at &pound;50,000 or employing a programmer for six months at a salary of &pound;5000 to develop the software. Perform cost benefit analysis for the two options. You can make suitable assumptions regarding any factor that has not been mentioned in this problem statement,&nbsp;</span><span style=""font-size: 10.0pt; font-family: Times-Roman; mso-bidi-font-family: Times-Roman;"">List the products created by the Step Wise planning process.</span></p>","4","2023-06-13 11:27:34","2023-06-13 11:28:19"
"37","3","65","1","<p class=""MsoNormal"" style=""margin-bottom: .0001pt; line-height: normal; mso-layout-grid-align: none; text-autospace: none;""><span style=""font-size: 10.0pt; font-family: Times-Roman; mso-bidi-font-family: Times-Roman;"">What products must exist before the activity &lsquo;test program&rsquo; can take place? What products does this </span><span style=""font-size: 10.0pt; font-family: Times-Roman; mso-bidi-font-family: Times-Roman;"">activity create?</span></p>","3","2023-06-13 11:28:47","2023-06-13 11:28:47"
"38","3","65","1","<p><span style=""font-size: 10.0pt; line-height: 107%; font-family: Times-Roman; mso-fareast-font-family: Calibri; mso-fareast-theme-font: minor-latin; mso-bidi-font-family: Times-Roman; mso-ansi-language: EN-US; mso-fareast-language: EN-US; mso-bidi-language: AR-SA;"">An employee of a training organization has the task of creating case study exercises and solutions for a training course which teaches a new systems analysis and design method. The person&rsquo;s work plan has a three-week task &lsquo;learn new method&rsquo;. A colleague suggests that this is unsatisfactory as a task as there are no concrete deliverables or products from the activity. What can be done about this?</span></p>","4","2023-06-13 11:29:10","2023-06-13 11:29:10"
"39","3","65","1","<p class=""MsoNormal"" style=""margin-bottom: .0001pt; text-align: justify; line-height: normal; mso-layout-grid-align: none; text-autospace: none;""><span style=""font-size: 10.0pt; font-family: Times-Roman; mso-bidi-font-family: Times-Roman;"">In order to carry out usability tests for a new word processing package, the software has to be written and debugged. User instructions have to be available describing how the package is to be used. These have to be scrutinized in order to plan and design the tests. Subjects who will use the package in the tests will need to be selected. As part of this selection process, they will have to complete a questionnaire giving details of their past experience of, and training in, typing and using word processing packages. The subjects will carry out the required tasks using the word processing package. The tasks will be timed and any problems the subjects encounter with the package will be noted. After the test, the subjects will complete another questionnaire about what they felt about the package. All the data from the tests will be analyzed and a report containing recommendations for changes to the package will be drawn up. Draw up a Product Breakdown Structure, a Product Flow Diagram and a preliminary activity network for the above.</span></p>","4","2023-06-13 11:30:11","2023-06-13 11:30:11"
"40","3","65","2","<p class=""MsoNormal"" style=""margin-bottom: .0001pt; text-align: justify; line-height: normal; mso-layout-grid-align: none; text-autospace: none;""><span style=""font-size: 10.0pt; font-family: Times-Roman; mso-bidi-font-family: Times-Roman;"">Brightmouth College intends to automate the routine activities of its library including issuing books to users, return of books, handling fi ne collection, and querying availability of books. The library has around 10,000 books. At present, the activities of the library are being carried out manually by the four member library staff. The college intends to allot the development of the software to a vendor. The software would have to be transferred to the library in a fully operational mode. To speed up the delivery of software, the vendor would have to create the operational database during the development of the software. This would involve entering details of the existing books into a CSV (comma separated values) fi le. After the development of the software, the CSV data will have to be imported into the software. After alpha testing, the software would have to be tested in the operational environment. For this, the software would have to be run along side the manual system at the library for a week. During this time, user training would also have to be conducted.</span></p>
<p class=""MsoNormal"" style=""margin-bottom: .0001pt; text-align: justify; line-height: normal; mso-layout-grid-align: none; text-autospace: none;""><span style=""font-size: 10.0pt; font-family: Times-Roman; mso-bidi-font-family: Times-Roman;"">(a) Identify and represent the deliverables using a product breakdown structure (PBS)</span></p>
<p class=""MsoNormal"" style=""margin-bottom: .0001pt; text-align: justify; line-height: normal; mso-layout-grid-align: none; text-autospace: none;""><span style=""font-size: 10.0pt; font-family: Times-Roman; mso-bidi-font-family: Times-Roman;"">(b) Develop the product flow diagram</span></p>
<p class=""MsoNormal"" style=""margin-bottom: .0001pt; text-align: justify; line-height: normal; mso-layout-grid-align: none; text-autospace: none;""><span style=""font-size: 10.0pt; font-family: Times-Roman; mso-bidi-font-family: Times-Roman;"">(c) Develop an activity network</span></p>","10","2023-06-13 11:31:03","2023-06-13 11:31:03"
"41","3","65","2","<p class=""MsoNormal"" style=""margin-bottom: .0001pt; text-align: justify; line-height: normal; mso-layout-grid-align: none; text-autospace: none;""><span style=""font-size: 10.0pt; font-family: Times-Roman; mso-bidi-font-family: Times-Roman;"">A building society has a long history of implementing computer-based information systems to support the work of its branches. It uses a proprietary structured systems analysis and design method. It has been decided to create a computer model of the property market. This would attempt, for example, to calculate the effect of changes of interest rates on house values. There is some concern that the usual methodology used for IS development would not be appropriate for the new project.</span></p>
<p class=""MsoNormal"" style=""margin-bottom: .0001pt; text-align: justify; line-height: normal; mso-layout-grid-align: none; text-autospace: none;""><span style=""font-size: 10.0pt; font-family: Times-Roman; mso-bidi-font-family: Times-Roman;"">(a) Why might there be this concern and what alternative approaches should be considered?</span></p>
<p class=""MsoNormal"" style=""margin-bottom: .0001pt; text-align: justify; line-height: normal; mso-layout-grid-align: none; text-autospace: none;""><span style=""font-size: 10.0pt; font-family: Times-Roman; mso-bidi-font-family: Times-Roman;"">(b) Outline a plan for the development of the system which illustrates the application of your preferred</span></p>
<p class=""MsoNormal"" style=""margin-bottom: .0001pt; text-align: justify; line-height: normal; mso-layout-grid-align: none; text-autospace: none;""><span style=""font-size: 10.0pt; font-family: Times-Roman; mso-bidi-font-family: Times-Roman;"">methodology for this project.</span></p>","10","2023-06-13 11:33:47","2023-06-13 11:34:09"
"42","3","65","1","<p class=""MsoNormal"" style=""margin-bottom: .0001pt; text-align: justify; line-height: normal; mso-layout-grid-align: none; text-autospace: none;""><span style=""font-size: 10.0pt; font-family: Times-Roman; mso-bidi-font-family: Times-Roman;"">A software package is to be designed and built to assist in software cost estimation. It will input certain parameters and produce initial cost estimates to be used at bidding time.</span></p>
<p class=""MsoNormal"" style=""margin-bottom: .0001pt; text-align: justify; line-height: normal; mso-layout-grid-align: none; text-autospace: none;""><span style=""font-size: 10.0pt; font-family: Times-Roman; mso-bidi-font-family: Times-Roman;"">(a) It has been suggested that a software prototype would be of value in these circumstances. Explain why this might be.</span></p>
<p class=""MsoNormal"" style=""margin-bottom: .0001pt; text-align: justify; line-height: normal; mso-layout-grid-align: none; text-autospace: none;""><span style=""font-size: 10.0pt; font-family: Times-Roman; mso-bidi-font-family: Times-Roman;"">(b) Discuss how such prototyping could be controlled to ensure that it is conducted in an orderly and effective way and within a specified time span.</span></p>","6","2023-06-13 11:34:49","2023-06-13 11:34:49"
"43","3","65","1","<p class=""MsoNormal"" style=""margin-bottom: .0001pt; text-align: justify; line-height: normal; mso-layout-grid-align: none; text-autospace: none;""><span style=""font-size: 10.0pt; font-family: Times-Roman; mso-bidi-font-family: Times-Roman;"">An invoicing system is to have the following transactions: amend invoice, produce invoice, produce monthly statements, record cash payment, clear paid invoices from database, create customer records, delete customer.</span></p>
<p class=""MsoNormal"" style=""margin-bottom: .0001pt; text-align: justify; line-height: normal; mso-layout-grid-align: none; text-autospace: none;""><span style=""font-size: 10.0pt; font-family: Times-Roman; mso-bidi-font-family: Times-Roman;"">(a) What physical dependencies govern the order in which these transactions are implemented?</span></p>
<p class=""MsoNormal"" style=""margin-bottom: .0001pt; text-align: justify; line-height: normal; mso-layout-grid-align: none; text-autospace: none;""><span style=""font-size: 10.0pt; font-family: Times-Roman; mso-bidi-font-family: Times-Roman;"">(b) How could the system be broken down into increments which would be of some value to the users (Hint &ndash; think about the problems of taking existing details onto a database when a system is first implemented)?</span></p>","6","2023-06-13 11:35:26","2023-06-13 11:35:26"
"44","3","65","1","<p class=""MsoNormal"" style=""margin-bottom: .0001pt; text-align: justify; line-height: normal; mso-layout-grid-align: none; text-autospace: none;""><span style=""font-size: 10.0pt; font-family: Times-Roman; mso-bidi-font-family: Times-Roman;"">A building society has a long history of implementing computer-based information systems to support the work of its branches. It uses a proprietary structured systems analysis and design method. It has been decided to create a computer model of the property market. This would attempt, for example, to calculate the effect of changes of interest rates on house values. There is some concern that the usual methodology used for IS development would not be appropriate for the new project.</span></p>
<p class=""MsoNormal"" style=""margin-bottom: .0001pt; text-align: justify; line-height: normal; mso-layout-grid-align: none; text-autospace: none;""><span style=""font-size: 10.0pt; font-family: Times-Roman; mso-bidi-font-family: Times-Roman;"">(a) Why might there be this concern and what alternative approaches should be considered?</span></p>
<p class=""MsoNormal"" style=""margin-bottom: .0001pt; text-align: justify; line-height: normal; mso-layout-grid-align: none; text-autospace: none;""><span style=""font-size: 10.0pt; font-family: Times-Roman; mso-bidi-font-family: Times-Roman;"">(b) Outline a plan for the development of the system which illustrates the application of your preferred </span><span style=""font-size: 10.0pt; font-family: Times-Roman; mso-bidi-font-family: Times-Roman;"">methodology for this project.</span></p>","6","2023-06-13 11:38:32","2023-06-13 11:38:32"
"45","3","65","1","<p class=""MsoNormal"" style=""margin-bottom: .0001pt; text-align: justify; line-height: normal; mso-layout-grid-align: none; text-autospace: none;""><span style=""font-size: 10.0pt; font-family: Times-Roman; mso-bidi-font-family: Times-Roman;"">A software package is to be designed and built to assist in software cost estimation. It will input certain parameters and produce initial cost estimates to be used at bidding time.</span></p>
<p class=""MsoNormal"" style=""margin-bottom: .0001pt; text-align: justify; line-height: normal; mso-layout-grid-align: none; text-autospace: none;""><span style=""font-size: 10.0pt; font-family: Times-Roman; mso-bidi-font-family: Times-Roman;"">(a) It has been suggested that a software prototype would be of value in these circumstances. Explain why this might be.</span></p>
<p><span style=""font-size: 10.0pt; line-height: 107%; font-family: Times-Roman; mso-fareast-font-family: Calibri; mso-fareast-theme-font: minor-latin; mso-bidi-font-family: Times-Roman; mso-ansi-language: EN-US; mso-fareast-language: EN-US; mso-bidi-language: AR-SA;"">(b) Discuss how such prototyping could be controlled to ensure that it is conducted in an orderly and effective way and within a specified time span.</span></p>","4","2023-06-13 11:39:03","2023-06-13 11:39:03"
"46","3","65","1","<p class=""MsoNormal"" style=""margin-bottom: .0001pt; text-align: justify; line-height: normal; mso-layout-grid-align: none; text-autospace: none;""><span style=""font-size: 10.0pt; font-family: Times-Roman; mso-bidi-font-family: Times-Roman;"">An invoicing system is to have the following transactions: amend invoice, produce invoice, produce monthly statements, record cash payment, clear paid invoices from database, create customer records, delete customer.</span></p>
<p class=""MsoNormal"" style=""margin-bottom: .0001pt; text-align: justify; line-height: normal; mso-layout-grid-align: none; text-autospace: none;""><span style=""font-size: 10.0pt; font-family: Times-Roman; mso-bidi-font-family: Times-Roman;"">(a) What physical dependencies govern the order in which these transactions are implemented?</span></p>
<p class=""MsoNormal"" style=""margin-bottom: .0001pt; text-align: justify; line-height: normal; mso-layout-grid-align: none; text-autospace: none;""><span style=""font-size: 10.0pt; font-family: Times-Roman; mso-bidi-font-family: Times-Roman;"">(b) How could the system be broken down into increments which would be of some value to the users (Hint &ndash; think about the problems of taking existing details onto a database when a system is first implemented)?</span></p>","4","2023-06-13 11:39:27","2023-06-13 11:39:27"
"47","3","65","1","<p class=""MsoNormal"" style=""margin-bottom: .0001pt; text-align: justify; line-height: normal; mso-layout-grid-align: none; text-autospace: none;""><span style=""font-size: 10.0pt; font-family: Times-Roman; mso-bidi-font-family: Times-Roman;"">The size (that is, the effort needed to complete it) of any task will depend on its characteristics. The units into which the work is divided will also differ. Identify the factors affecting the size of the task and work units for the following activities:</span></p>
<p class=""MsoNormal"" style=""margin-bottom: .0001pt; text-align: justify; line-height: normal; mso-layout-grid-align: none; text-autospace: none;""><span style=""font-size: 6.0pt; font-family: ZapfDingbatsStd; mso-hansi-font-family: Times-Roman; mso-bidi-font-family: ZapfDingbatsStd;""> </span><span style=""font-size: 10.0pt; font-family: Times-Roman; mso-bidi-font-family: Times-Roman;"">installing computer workstations in a new office;</span></p>
<p class=""MsoNormal"" style=""margin-bottom: .0001pt; text-align: justify; line-height: normal; mso-layout-grid-align: none; text-autospace: none;""><span style=""font-size: 6.0pt; font-family: ZapfDingbatsStd; mso-hansi-font-family: Times-Roman; mso-bidi-font-family: ZapfDingbatsStd;""> </span><span style=""font-size: 10.0pt; font-family: Times-Roman; mso-bidi-font-family: Times-Roman;"">transporting assembled personal computers from the factory where they were assembled to </span><span style=""font-size: 10.0pt; font-family: Times-Roman; mso-bidi-font-family: Times-Roman;"">warehouses distributed in different parts of the country;</span></p>
<p class=""MsoNormal"" style=""margin-bottom: .0001pt; text-align: justify; line-height: normal; mso-layout-grid-align: none; text-autospace: none;""><span style=""font-size: 6.0pt; font-family: ZapfDingbatsStd; mso-hansi-font-family: Times-Roman; mso-bidi-font-family: ZapfDingbatsStd;""> </span><span style=""font-size: 10.0pt; font-family: Times-Roman; mso-bidi-font-family: Times-Roman;"">typing in and checking the correctness of data that is populating a new database;</span></p>
<p class=""MsoNormal"" style=""margin-bottom: .0001pt; text-align: justify; line-height: normal; mso-layout-grid-align: none; text-autospace: none;""><span style=""font-size: 6.0pt; font-family: ZapfDingbatsStd; mso-hansi-font-family: Times-Roman; mso-bidi-font-family: ZapfDingbatsStd;""> </span><span style=""font-size: 10.0pt; font-family: Times-Roman; mso-bidi-font-family: Times-Roman;"">system testing a newly written software application.</span></p>
<p class=""MsoNormal"" style=""margin-bottom: .0001pt; text-align: justify; line-height: normal; mso-layout-grid-align: none; text-autospace: none;""><span style=""font-size: 10.0pt; font-family: Times-Roman; mso-bidi-font-family: Times-Roman;"">If you were asked as an expert to provide an estimate of the effort needed to make certain changes to </span><span style=""font-size: 10.0pt; font-family: Times-Roman; mso-bidi-font-family: Times-Roman;"">an existing piece of software, what information would you like to have to hand to assist you in making </span><span style=""font-size: 10.0pt; font-family: Times-Roman; mso-bidi-font-family: Times-Roman;"">that estimate?</span></p>
<p class=""MsoNormal"" style=""margin-bottom: .0001pt; text-align: justify; line-height: normal; mso-layout-grid-align: none; text-autospace: none;""><span style=""font-size: 10.0pt; font-family: Times-Roman; mso-bidi-font-family: Times-Roman;"">&nbsp;</span></p>
<p class=""MsoNormal"" style=""margin-bottom: .0001pt; text-align: justify; line-height: normal; mso-layout-grid-align: none; text-autospace: none;"">&nbsp;</p>","4","2023-06-13 11:40:52","2023-06-13 11:40:52"
"48","3","65","2","<p class=""MsoNormal"" style=""margin-bottom: .0001pt; text-align: justify; line-height: normal; mso-layout-grid-align: none; text-autospace: none;""><span style=""font-size: 10.0pt; font-family: Times-Roman; mso-bidi-font-family: Times-Roman;"">3. A small application maintains a telephone directory. The database for the application contains the following data types:</span></p>
<p class=""MsoNormal"" style=""margin-bottom: .0001pt; text-align: justify; line-height: normal; mso-layout-grid-align: none; text-autospace: none;""><span style=""font-size: 6.0pt; font-family: ZapfDingbatsStd; mso-hansi-font-family: Times-Roman; mso-bidi-font-family: ZapfDingbatsStd;""> </span><span style=""font-size: 10.0pt; font-family: Times-Roman; mso-bidi-font-family: Times-Roman;"">Staff reference</span></p>
<p class=""MsoNormal"" style=""margin-bottom: .0001pt; text-align: justify; line-height: normal; mso-layout-grid-align: none; text-autospace: none;""><span style=""font-size: 6.0pt; font-family: ZapfDingbatsStd; mso-hansi-font-family: Times-Roman; mso-bidi-font-family: ZapfDingbatsStd;""> </span><span style=""font-size: 10.0pt; font-family: Times-Roman; mso-bidi-font-family: Times-Roman;"">Surname</span></p>
<p class=""MsoNormal"" style=""margin-bottom: .0001pt; text-align: justify; line-height: normal; mso-layout-grid-align: none; text-autospace: none;""><span style=""font-size: 6.0pt; font-family: ZapfDingbatsStd; mso-hansi-font-family: Times-Roman; mso-bidi-font-family: ZapfDingbatsStd;""> </span><span style=""font-size: 10.0pt; font-family: Times-Roman; mso-bidi-font-family: Times-Roman;"">Forenames</span></p>
<p class=""MsoNormal"" style=""margin-bottom: .0001pt; text-align: justify; line-height: normal; mso-layout-grid-align: none; text-autospace: none;""><span style=""font-size: 6.0pt; font-family: ZapfDingbatsStd; mso-hansi-font-family: Times-Roman; mso-bidi-font-family: ZapfDingbatsStd;""> </span><span style=""font-size: 10.0pt; font-family: Times-Roman; mso-bidi-font-family: Times-Roman;"">Title</span></p>
<p class=""MsoNormal"" style=""margin-bottom: .0001pt; text-align: justify; line-height: normal; mso-layout-grid-align: none; text-autospace: none;""><span style=""font-size: 6.0pt; font-family: ZapfDingbatsStd; mso-hansi-font-family: Times-Roman; mso-bidi-font-family: ZapfDingbatsStd;""> </span><span style=""font-size: 10.0pt; font-family: Times-Roman; mso-bidi-font-family: Times-Roman;"">Department code</span></p>
<p class=""MsoNormal"" style=""margin-bottom: .0001pt; text-align: justify; line-height: normal; mso-layout-grid-align: none; text-autospace: none;""><span style=""font-size: 6.0pt; font-family: ZapfDingbatsStd; mso-hansi-font-family: Times-Roman; mso-bidi-font-family: ZapfDingbatsStd;""> </span><span style=""font-size: 10.0pt; font-family: Times-Roman; mso-bidi-font-family: Times-Roman;"">Room number</span></p>
<p class=""MsoNormal"" style=""margin-bottom: .0001pt; text-align: justify; line-height: normal; mso-layout-grid-align: none; text-autospace: none;""><span style=""font-size: 6.0pt; font-family: ZapfDingbatsStd; mso-hansi-font-family: Times-Roman; mso-bidi-font-family: ZapfDingbatsStd;""> </span><span style=""font-size: 10.0pt; font-family: Times-Roman; mso-bidi-font-family: Times-Roman;"">Telephone extension</span></p>
<p class=""MsoNormal"" style=""margin-bottom: .0001pt; text-align: justify; line-height: normal; mso-layout-grid-align: none; text-autospace: none;""><span style=""font-size: 6.0pt; font-family: ZapfDingbatsStd; mso-hansi-font-family: Times-Roman; mso-bidi-font-family: ZapfDingbatsStd;""> </span><span style=""font-size: 10.0pt; font-family: Times-Roman; mso-bidi-font-family: Times-Roman;"">E-mail address</span></p>
<p class=""MsoNormal"" style=""margin-bottom: .0001pt; text-align: justify; line-height: normal; mso-layout-grid-align: none; text-autospace: none;""><span style=""font-size: 6.0pt; font-family: ZapfDingbatsStd; mso-hansi-font-family: Times-Roman; mso-bidi-font-family: ZapfDingbatsStd;""> </span><span style=""font-size: 10.0pt; font-family: Times-Roman; mso-bidi-font-family: Times-Roman;"">Fax number</span></p>
<p class=""MsoNormal"" style=""margin-bottom: .0001pt; text-align: justify; line-height: normal; mso-layout-grid-align: none; text-autospace: none;""><span style=""font-size: 10.0pt; font-family: Times-Roman; mso-bidi-font-family: Times-Roman;"">Transactions are needed which:</span></p>
<p class=""MsoNormal"" style=""margin-bottom: .0001pt; text-align: justify; line-height: normal; mso-layout-grid-align: none; text-autospace: none;""><span style=""font-size: 10.0pt; font-family: Times-Roman; mso-bidi-font-family: Times-Roman;"">(i) set up new entries;</span></p>
<p class=""MsoNormal"" style=""margin-bottom: .0001pt; text-align: justify; line-height: normal; mso-layout-grid-align: none; text-autospace: none;""><span style=""font-size: 10.0pt; font-family: Times-Roman; mso-bidi-font-family: Times-Roman;"">(ii) mend existing entries;</span></p>
<p class=""MsoNormal"" style=""margin-bottom: .0001pt; text-align: justify; line-height: normal; mso-layout-grid-align: none; text-autospace: none;""><span style=""font-size: 10.0pt; font-family: Times-Roman; mso-bidi-font-family: Times-Roman;"">(iii) delete entries;</span></p>
<p class=""MsoNormal"" style=""margin-bottom: .0001pt; text-align: justify; line-height: normal; mso-layout-grid-align: none; text-autospace: none;""><span style=""font-size: 10.0pt; font-family: Times-Roman; mso-bidi-font-family: Times-Roman;"">(iv) allow enquirers to list online the details for a particular member of staff;</span></p>
<p class=""MsoNormal"" style=""margin-bottom: .0001pt; text-align: justify; line-height: normal; mso-layout-grid-align: none; text-autospace: none;""><span style=""font-size: 10.0pt; font-family: Times-Roman; mso-bidi-font-family: Times-Roman;"">(v) produce a complete listing of the telephone directory entries in alphabetical order.</span></p>
<p class=""MsoNormal"" style=""margin-bottom: .0001pt; text-align: justify; line-height: normal; mso-layout-grid-align: none; text-autospace: none;""><span style=""font-size: 10.0pt; font-family: Times-Roman; mso-bidi-font-family: Times-Roman;"">(a) Use this scenario to produce an estimated Mark II FP count. List all the assumptions you will need to make.</span></p>
<p class=""MsoNormal"" style=""margin-bottom: .0001pt; text-align: justify; line-height: normal; mso-layout-grid-align: none; text-autospace: none;""><span style=""font-size: 10.0pt; font-family: Times-Roman; mso-bidi-font-family: Times-Roman;"">(b) Another requirement could be to produce the listing in (v) in departmental order. In your view, should this increase FP count and if so by how much?</span></p>","10","2023-06-13 11:41:29","2023-06-13 11:41:29"
